Permutation,i=2,i=3,i=4,Total Comparisons
1 2 3 4,1,1,1,3
1 2 4 3,1,1,2,4
1 3 2 4,1,2,1,4
1 3 4 2,1,1,3,5
1 4 2 3,1,2,2,5
1 4 3 2,1,2,3,6
2 1 3 4,1,1,1,3
2 1 4 3,1,1,2,4
2 3 1 4,1,2,1,4
2 3 4 1,1,1,3,5
2 4 1 3,1,2,2,5
2 4 3 1,1,2,3,6
3 1 2 4,1,2,1,4
3 1 4 2,1,1,3,5
3 2 1 4,1,2,1,4
3 2 4 1,1,1,3,5
3 4 1 2,1,2,3,6
3 4 2 1,1,2,3,6
4 1 2 3,1,2,2,5
4 1 3 2,1,2,3,6
4 2 1 3,1,2,2,5
4 2 3 1,1,2,3,6
4 3 1 2,1,2,3,6
4 3 2 1,1,2,3,6
Sum,24,40,54,118
Average,1,1.66666666666667,2.25,4.91666666666667
